품목코드,품목명,상품명,재고수량,안전재고
"P0000DBZ000A","족보세트 (보쌈 250g + 족발 300g + 불소스30g + 마늘소스 150g)","[특가] 전문점 갈 필요없는 핵이득 촉촉 족보세트 730g (소스 2종 포함)","502","50"
"P0000DAY000A","버터소고기필라프 250g","[간편조리] 유러피안 볶음밥 3종세트","119","20"
"P0000DAY000B","해산물빠에야 250g","[간편조리] 유러피안 볶음밥 3종세트","166","25"
"P0000DAY000C","크림베이컨리조또+크림소스(무료증정) 330g","[간편조리] 유러피안 볶음밥 3종세트","18","20"
"P0000DAY000D","크림소스 80g","[간편조리] 유러피안 볶음밥 3종세트","0","0"
"P0000DAL000A","서초 장터순대국밥 700g","전문점 갈 필요없는 서초 장터순대국밥 700g","5950","50"
"P0000DAL000B","다진마늘 15g + 다진청양 15g","전문점 갈 필요없는 서초 장터순대국밥 700g","0","0"
"P0000CYB000A","핵이득 서초 얼큰 소고기국밥 700g","[700시리즈] 전문점 갈 필요없는 국 탕 찌개 4종 골라담기","0","0"
"P0000CYB000B","다진마늘 15g + 다진청양 15g","[700시리즈] 전문점 갈 필요없는 국 탕 찌개 4종 골라담기","0","0"
"P0000CYB000C","핵이득 서초 사골 육개장 700g","[700시리즈] 전문점 갈 필요없는 국 탕 찌개 4종 골라담기","0","0"
"P0000CYB000D","서초 사골 소고기미역국 700g","[700시리즈] 전문점 갈 필요없는 국 탕 찌개 4종 골라담기","0","0"
"P0000CYB000E","서초 사골 황태해장국 700g","[700시리즈] 전문점 갈 필요없는 국 탕 찌개 4종 골라담기","0","0"
"P0000CXZ000B","짜장소스 220g","[유통기한임박] 큼직한 건더기가 들어간 짜장소스 220g","0","0"
"P0000CXZ000C","사누끼우동 230g","[유통기한임박] 큼직한 건더기가 들어간 짜장소스 220g","0","0"
"P0000CXZ000D","오뚜기 밥 200g * 3개입","[유통기한임박] 큼직한 건더기가 들어간 짜장소스 220g","0","0"
"P0000CXY000A","","겉바속촉 바삭쫄깃 깐풍기 800g","0","0"
"P0000CXQ000B","기사식당 제육볶음 600g","[한근상회] 전문점 갈 필요없는 핵이득 기사식당 제육볶음 600g","1001","50"
"P0000CXO000B","핵이득 뒷고기 베이컨 150g","어떤 요리에도 찰떡같이 어울리는! 핵이득 뒷고기 베이컨 150g","0","0"
"P0000CXL000D","핵이득 촉촉 족발 300g","[특가] 전문점 갈 필요없는 핵이득 촉촉 족발 300g","1031","50"
"P0000CXL000E","불소스 30g","[특가] 전문점 갈 필요없는 핵이득 촉촉 족발 300g","386","50"
"P0000CXL000F","마늘소스 150g","[특가] 전문점 갈 필요없는 핵이득 촉촉 족발 300g","17","5"
"P0000CXM000E","핵이득 촉촉 보쌈 250g","[특가] 전문점 갈 필요없는 핵이득 촉촉 보쌈 250g","1394","50"
"P0000CXM000F","불소스 30g","[특가] 전문점 갈 필요없는 핵이득 촉촉 보쌈 250g","476","50"
"P0000CXM000G","마늘소스 150g","[특가] 전문점 갈 필요없는 핵이득 촉촉 보쌈 250g","57","5"
"P0000CXK000C","핵이득 연탄불고기 200g","[특가] 전문점 갈 필요없는 핵이득 연탄불고기 200g","0","0"
"P0000CXJ000C","핵이득 옛날삼겹살 600g","[한근상회] 어떤 요리에도 찰떡같이 어울리는! 핵이득 옛날삼겹살 600g","0","0"
"P0000CVX000A","서초 사골 소고기미역국 700g","[700시리즈, 특가] 전문점 갈 필요없는 서초 사골 소고기미역국 700g","1236","50"
"P0000CVX000B","다진마늘 15g + 다진청양 15g","[700시리즈, 특가] 전문점 갈 필요없는 서초 사골 소고기미역국 700g","78","5"
"P0000CVX000C","서초 사골 황태해장국 700g","[700시리즈, 특가] 전문점 갈 필요없는 서초 사골 소고기미역국 700g","0","8"
"P0000CVX000D","핵이득 서초 얼큰 소고기국밥 700g","[700시리즈, 특가] 전문점 갈 필요없는 서초 사골 소고기미역국 700g","0","1"
"P0000CVX000E","핵이득 서초 사골 육개장 700g","[700시리즈, 특가] 전문점 갈 필요없는 서초 사골 소고기미역국 700g","0","0"
"P0000CVW000A","서초 사골 황태해장국 700g","[700시리즈, 특가] 전문점 갈 필요없는 서초 사골 황태해장국 700g","308","50"
"P0000CVW000B","다진마늘 15g + 다진청양 15g","[700시리즈, 특가] 전문점 갈 필요없는 서초 사골 황태해장국 700g","170","15"
"P0000CVT000D","바질포모도로 파스타 320g","[간편조리] 파스타 4종 골라담기","315","35"
"P0000CVT000E","쉬림프알리오올리오 파스타 320g","[간편조리] 파스타 4종 골라담기","209","30"
"P0000CVT000F","버섯크림 파스타 290g","[간편조리] 파스타 4종 골라담기","206","30"
"P0000CVT000G","미트볼볼로네제 파스타 310g","[간편조리] 파스타 4종 골라담기","221","35"
"P0000CVS000F","버터소고기필라프 250g","[간편조리] 유러피안 볶음밥 3종 골라담기","212","20"
"P0000CVS000G","해산물빠에야 250g","[간편조리] 유러피안 볶음밥 3종 골라담기","235","25"
"P0000CVS000H","크림베이컨리조또+크림소스(무료증정) 330g","[간편조리] 유러피안 볶음밥 3종 골라담기","371","20"
"P0000CVO000D","트리플치즈피자+트러플불고기피자+앵그리꼬꼬피자","[초특가!] PC방 미니피자 3종세트","0","0"
"P0000CVN000E","포켓데리야끼+포켓양념치킨+포켓핫후라이드+어니언크림맛","[초특가!] 포켓치킨 4종세트","0","0"
"P0000CVM000G","불벅+더블벅+마시따+피자리오+트리플치즈버거+매콤치킨버거","[초특가!] PC방 햄버거 6종세트","0","0"
"P0000CUZ000A","서초 얼큰 소고기국밥 700g","[700시리즈] 전문점 갈 필요없는 서초 얼큰 소고기국밥 700g","1482","50"
"P0000CUZ000B","다진마늘 15g + 다진청양 15g","[700시리즈] 전문점 갈 필요없는 서초 얼큰 소고기국밥 700g","38","10"
"P0000CUY000A","서초 사골 육개장 700g","[700시리즈] 전문점 갈 필요없는 서초 사골 육개장 700g","7690","64"
"P0000CUY000B","다진마늘 15g + 다진청양 15g","[700시리즈] 전문점 갈 필요없는 서초 사골 육개장 700g","14","15"
"P0000CUY000C","칼국수 사리 100g","[700시리즈] 전문점 갈 필요없는 서초 사골 육개장 700g","0","0"
"P0000CTN000C","초이스 차돌박이 600g","[한근상회] 어떤 요리에도 찰떡같이 어울리는! 핵이득 초이스 차돌박이 600g","-1","0"
"P0000CTM000A","핵이득 양념오리주물럭 600g","[한근상회] 전문점 갈 필요없는 핵이득 양념오리주물럭 600g","863","50"
"P0000CTM000B","오뚜기밥 200g*3개입","[한근상회] 전문점 갈 필요없는 핵이득 양념오리주물럭 600g","30","0"
"P0000CTL000A","전문점에 갈 필요 없는 핵이득 서초 순대곱창 960G","전문점 갈 필요없는 핵이득 서초 순대곱창 960G","4594","100"
"P0000CTL000B","다진마늘 15g + 다진청양 15g","전문점 갈 필요없는 핵이득 서초 순대곱창 960G","8","30"
"P0000CTD000A","","국내산 돼지고기 야채를 사용한 토속피순대 500g","429","10"
"P0000CSU000C","","상큼달콤 만다린 오렌지치킨 1kg","0","1"
"P0000CSP000A","","[갓성비] 직화 불오돌뼈 200g","0","0"
"P0000CSO000D","","[갓성비] 화끈한 양념꼬리 200g","0","0"
"P0000CSL000A","족발물쫄면+고기포자만두+연탄불고기냉면","[한정수량/특가] 핵이득 여름세트 (인기 3종)","0","0"
"P0000CSH000F","","간편한 어묵탕 230g","0","5"
"P0000CSE000A","","우리쌀 통가래떡 500g","0","0"
"P0000CRV000A","","[갓성비] 직화 무뼈 불닭발 200g","0","0"
"P0000CRL000A","치즈사골 부대전골 (라면사리 무료증정)","[라면사리 무료증정] 핵이득 얼큰 치즈사골 부대전골 2인분","4070","50"
"P0000CRL000B","다진마늘 15g + 다진청양 15g","[라면사리 무료증정] 핵이득 얼큰 치즈사골 부대전골 2인분","151","24"
"P0000CQT000A","","[한정수량] 매콤새콤 사천탕수육 432g","0","0"
"P0000CQS000C","","[유통기한임박] 김치피자탕수육 600g","0","0"
"P0000CQP000A","","[부침명장] 녹두빈대떡 400g","0","0"
"P0000CQO000A","","[부침명장] 계란옷입은 고기완자 400g","0","0"
"P0000CQN000A","","[부침명장] 한입아삭김치전 300g","0","0"
"P0000CQM000A","","[부침명장] 한입땡초부추전 300g","0","0"
"P0000COQ000C","핵이득 연탄불고기 무쌈냉면 1680g","[특가] 전문점 갈 필요없는 핵이득 연탄불고기 무쌈냉면 2인분","2029","128"
"P0000CNY000G","전문점에 갈 필요 없는 핵이득 서초 순대곱창 960G","[소량입고] 전문점 갈 필요 없는 핵이득 서초 순대곱창 960G","994","50"
"P0000CNY000H","다진마늘 15g + 다진청양 15g","[소량입고] 전문점 갈 필요 없는 핵이득 서초 순대곱창 960G","500","0"
"P0000CJM000A","","찹쌀치즈 빅핫도그 130g","0","0"
"P0000CJL000A","","콤비네이션 피도그 100g","0","0"
"P0000CJK000A","","불고기 피도그 100g","0","0"
"P0000CJJ000E","","핫치킨 피도그 100g","0","0"
"P0000CJI000A","핫치킨 피도그 100g","[초특가!] 핫도그와 피자를 한번에 ! 피도그 4종 골라담기","139","50"
"P0000CJI000B","불고기 피도그 100g","[초특가!] 핫도그와 피자를 한번에 ! 피도그 4종 골라담기","0","50"
"P0000CJI000C","콤비네이션 피도그 100g","[초특가!] 핫도그와 피자를 한번에 ! 피도그 4종 골라담기","0","50"
"P0000CJI000D","찹쌀치즈 빅핫도그 130g","[초특가!] 핫도그와 피자를 한번에 ! 피도그 4종 골라담기","7","50"
"P0000CIS000E","","[특가] 일본 현지에서 먹던 그 맛 그대로!  하코야 츠쿠네 꼬치 350g","0","0"
"P0000CIG000A","","[꿀성비] 치즈 닭갈비 볶음밥 440g (2인분! )","0","0"
"P0000CIF000B","핵이득 스지폭탄전골 900g (육수 600g+스지200g+전각60g+소스40g)","전문점 갈 필요없는!  핵이득 스지폭탄전골 900g","1372","50"
"P0000CIF000C","다진마늘 15g + 다진청양 15g","전문점 갈 필요없는!  핵이득 스지폭탄전골 900g","0","30"
"P0000CIF000E","오뚜기밥 200g*3개입","전문점 갈 필요없는!  핵이득 스지폭탄전골 900g","33","5"
"P0000CIF000F","토속피순대 500g","전문점 갈 필요없는!  핵이득 스지폭탄전골 900g","438","0"
"P0000CHS000B","오.달디 잼 3종 선물세트","[특가] 오.달디 달잼 3종 골라담기","0","0"
"P0000CHS000C","딸기&라즈베리 50g (낱개)","[특가] 오.달디 달잼 3종 골라담기","0","0"
"P0000CHS000D","애플시나몬 50g (낱개)","[특가] 오.달디 달잼 3종 골라담기","0","0"
"P0000CHS000E","블루베리 50g (낱개)","[특가] 오.달디 달잼 3종 골라담기","0","0"
"P0000CHS000F","잼 낱개 3종 (딸기&라즈베리 50g + 애플시나몬 50g  + 블루베리 50g )","[특가] 오.달디 달잼 3종 골라담기","0","0"
"P0000CEO000B","크로플+잼3종 set","풍미가득 크로플 [8개입] + 오달디 수제 달잼 3개입 set","0","0"
"P0000CEL000A","바삭야채고로케 200g","바삭바삭 고로케 3가지 맛 (야채/카레/게살) 200g","0","0"
"P0000CEL000B","바삭카레고로케 200g","바삭바삭 고로케 3가지 맛 (야채/카레/게살) 200g","0","0"
"P0000CEL000C","게살크림고로케 200g","바삭바삭 고로케 3가지 맛 (야채/카레/게살) 200g","0","0"
"P0000CDR000B","","고소하고 바삭한 멘보샤 300g","0","0"
"P0000CDP000D","","[마지막물량] 미트칠리 프라이즈 350g","0","0"
"P0000CCA000B","매콤 바삭한 롱롱 불돈까스350g","매콤 바삭한 불돈까스","0","0"
"P0000BYZ000A","프리미엄 핵이득 캠핑백","프리미엄 핵이득 캠핑백","880","7"
"P0000BXJ000B","닭연골 튀김 500g","[에어프라이용] 바삭오독한 닭연골 튀김 500g","0","0"
"P0000BWU000A","","[설날 한상차림!] 설날 준비끝! 한상차림 세트 모둠 8종","0","0"
"P0000BVV000A","부침명장 한입아삭김치전 300g","[부침명장] 전 5종 골라담기","0","0"
"P0000BVV000B","부침명장 한입땡초부추전 300g","[부침명장] 전 5종 골라담기","0","0"
"P0000BVV000C","튀김공방 매콤한 한입고추튀김 300g","[부침명장] 전 5종 골라담기","0","0"
"P0000BVV000D","튀김공방 깻잎튀김 300g","[부침명장] 전 5종 골라담기","0","0"
"P0000BVV000E","부침명장 녹두빈대떡 400g","[부침명장] 전 5종 골라담기","44","0"
"P0000BVV000F","부침명장 오미산적 450g","[부침명장] 전 5종 골라담기","29","0"
"P0000BVV000G","부침명장 깻잎전 400g","[부침명장] 전 5종 골라담기","0","0"
"P0000BVV000H","부침명장 계란옷입은 고기완자 400g","[부침명장] 전 5종 골라담기","77","0"
"P0000BSC000B","제대로 된 오뎅전골 751g","[간편조리] 제대로 된 오뎅전골 KIT 751g (2인분)","0","0"
"P0000BRS000H","프리미엄 핵이득 궁중 LA갈비 1.9kg (선물상자+감사카드 무료증정) + 아이스박스 포장","[무료배송/특가] 프리미엄 핵이득 궁중 LA갈비 1.9kg (선물상자+감사카드 무료증정)","495","0"
"P0000BRS000I","프리미엄 핵이득 궁중 LA갈비 1.9kg (선물상자+감사카드 무료증정) + 보냉팩 포장","[무료배송/특가] 프리미엄 핵이득 궁중 LA갈비 1.9kg (선물상자+감사카드 무료증정)","509","0"
"P0000BOO000C","볼카츠1 + 김밥2종(매운불닭+미친불닭)","핵이득 꿀조합 간편식세트 [볼카츠+김밥2종]","1402","0"
"P0000BMV000A","미니 트리플치즈 피자 138g","[초특가!] PC방 미니피자 3종 골라담기","306","2"
"P0000BMV000B","미니 트러플불고기 피자 138g","[초특가!] PC방 미니피자 3종 골라담기","292","3"
"P0000BMV000C","미니 앵그리 꼬꼬 피자 138g","[초특가!] PC방 미니피자 3종 골라담기","30","56"
"P0000BLT000A","","가마솥으로 푹 끓인 김치찜 800g","1237","7"
"P0000BLD000A","한맥 포켓 양념치킨 180g","[초특가!] 포켓치킨 4종 골라담기","76","1"
"P0000BLD000B","한맥 포켓 데리야끼 180g","[초특가!] 포켓치킨 4종 골라담기","238","2"
"P0000BLD000C","한맥 포켓 핫 후라이드 190g","[초특가!] 포켓치킨 4종 골라담기","173","1"
"P0000BLD000D","한맥 포켓 어니언 크림맛 180g","[초특가!] 포켓치킨 4종 골라담기","169","5"
"P0000BLC000A","한맥 불벅 145g","[초특가!] PC방 햄버거 6종 골라담기","0","50"
"P0000BLC000B","한맥 더블벅 210g","[초특가!] PC방 햄버거 6종 골라담기","0","50"
"P0000BLC000C","한맥 트리플치즈버거155g","[초특가!] PC방 햄버거 6종 골라담기","-2","14"
"P0000BLC000D","한맥 마시따 150g","[초특가!] PC방 햄버거 6종 골라담기","0","22"
"P0000BLC000E","한맥 피자리오 180g","[초특가!] PC방 햄버거 6종 골라담기","115","50"
"P0000BLC000F","한맥 매콤치킨버거 190g","[초특가!] PC방 햄버거 6종 골라담기","140","3"
"P0000BLA000Q","프리미엄 핵이득 궁중 양념LA갈비 950G","[특가] 프리미엄 핵이득 궁중 양념LA갈비 950G","0","50"
"P0000BJX000A","","상하이식 해물찹쌀 누룽지탕 450g","2","0"
"P0000BJW000A","","간사이풍 소고기 스키야키 440g","0","0"
"P0000BJV000E","국내산 등심 롱롱 돈까스 320g","국내산 등심 롱롱 돈까스 320g","0","0"
"P0000BJV000F","맛깔소스 90g","국내산 등심 롱롱 돈까스 320g","0","0"
"P0000BJU000E","끝까지 바삭한 통통 치즈 돈까스 350g","끝까지 바삭한  통통 치즈 돈까스 350g","-1","0"
"P0000BJU000F","맛깔소스 90g","끝까지 바삭한  통통 치즈 돈까스 350g","29","0"
"P0000BJN000C","","[한정특가] 비주얼 끝판왕! 돈마호크 카츠 340g","0","0"
"P0000BJI000D","소고기국밥 700g","푸짐한 건더기가 들어간 얼큰 소고기 국밥 700g","0","0"
"P0000BJI000F","오뚜기 밥 200g *3개입","푸짐한 건더기가 들어간 얼큰 소고기 국밥 700g","10","1"
"P0000BJH000B","햄참치마요","리얼 햄 참치마요 & 햄 볶음 김치 사각김밥 2종","0","0"
"P0000BJH000C","햄볶음김치","리얼 햄 참치마요 & 햄 볶음 김치 사각김밥 2종","0","0"
"P0000BJC000A","","더 건강한 캔햄 200g 1박스 20개입 (개당 1,340원)","0","0"
"P0000BJB000B","핵이득 애주가 술국 1250g","술도둑 끝판왕! 핵이득 애주가 술국 1250g","1010","50"
"P0000BJB000C","토속피순대 500g","술도둑 끝판왕! 핵이득 애주가 술국 1250g","73","0"
"P0000BJB000D","오뚜기 밥 200g *3개입","술도둑 끝판왕! 핵이득 애주가 술국 1250g","4","5"
"P0000BJB000E","다진마늘 15g + 다진청양 15g","술도둑 끝판왕! 핵이득 애주가 술국 1250g","115","35"
"P0000BIU000A","","[2천개 추가입고!]바삭함 끝판왕! 새우 에비카츠 [330g]","0","0"
"P0000BIT000A","","[한정판매]국물 끝판왕! 왕 복주머니 유부우동 밀키트 [2인분]","0","0"
"P0000BHV000B","삼겹살","[프로모션 진행중!] 100시간 저온숙성 드라이에이징 삼겹살 300g","-1","2"
"P0000BHU000B","목살","100시간 저온숙성 드라이에이징 목살 300g","0","0"
"P0000BFY000B","제주돼지 간짜장 덮밥소스","간편한 덮밥소스 7종 골라담기","0","14"
"P0000BFY000C","제주돼지 김치볶음 덮밥소스","간편한 덮밥소스 7종 골라담기","98","8"
"P0000BFY000D","제주돼지 제육볶음 덮밥소스","간편한 덮밥소스 7종 골라담기","0","10"
"P0000BFY000E","춘천닭갈비 덮밥소스","간편한 덮밥소스 7종 골라담기","0","20"
"P0000BFY000F","안동식찜닭 덮밥소스","간편한 덮밥소스 7종 골라담기","0","22"
"P0000BFY000G","마파두부 덮밥소스","간편한 덮밥소스 7종 골라담기","0","10"
"P0000BFY000H","부대볶음 덮밥소스","간편한 덮밥소스 7종 골라담기","15","12"
"P0000BFY000I","오뚜기 밥 200g *3개입","간편한 덮밥소스 7종 골라담기","15","8"
"P0000BEX000A","","집에서도 즐기는 8가지 닭모듬 꼬치350g","1","0"
"P0000BEW000A","","집에서도 즐기는 8가지 삼겹모듬꼬치332g","1","0"
"P0000BDI000B","시카고리얼치즈피자","시카고리얼피자 4종 골라담기","0","10"
"P0000BDI000C","시카고리얼페페로니피자","시카고리얼피자 4종 골라담기","-1","10"
"P0000BDI000D","시카고리얼불고기피자","시카고리얼피자 4종 골라담기","96","10"
"P0000BDI000E","시카고리얼쉬림프피자","시카고리얼피자 4종 골라담기","41","10"
"P0000BDH000C","","언제 먹어도 맛있는 핵이득 대패삼겹 200g","119","33"
"P0000BCX000A","","어디에든 어울리는 사누끼 우동 230G","1000","200"
"P0000BBJ000A","","바삭한 와사비 리얼 새우 머리 과자 (3봉세트)","0","0"
"P0000BBB000M","야채 반줄김밥","[특가!] 속이 꽉찬 맛있는 참치 반줄김밥","1","0"
"P0000BBB000N","참치 반줄김밥","[특가!] 속이 꽉찬 맛있는 참치 반줄김밥","31","0"
"P0000BBB000O","제육 반줄김밥","[특가!] 속이 꽉찬 맛있는 참치 반줄김밥","0","0"
"P0000BBB000P","참치 김밥 세트! (참치 반줄김밥  x 2)","[특가!] 속이 꽉찬 맛있는 참치 반줄김밥","9","0"
"P0000BBB000Q","참치 김밥 세트! (참치 반줄김밥  x 4)","[특가!] 속이 꽉찬 맛있는 참치 반줄김밥","0","0"
"P0000BBA000A","","[갓성비굳] 식다락 마라쌀국수 2인분","0","0"
"P0000BAX000E","에어프라이기 탕수육 350g + 새콤달콤 소스 포함","[프로모션 진행중!] 에어프라이기 탕수육 350g + 새콤달콤 소스 포함","0","2"
"P0000BAX000F","맛깔소스 90g","[프로모션 진행중!] 에어프라이기 탕수육 350g + 새콤달콤 소스 포함","38","10"
"P0000BAW000B","진한맛이 일품인 붉은대게장 80g","밥에 비벼먹는 밥도둑 대게딱지장 80g","0","0"
"P0000BAW000C","부드러운맛이 일품인 붉은대게딱지장 80g","밥에 비벼먹는 밥도둑 대게딱지장 80g","0","0"
"P00000XS000A","","[핵특가] 프리바이오틱스 + 헬리코박터 기획세트","1","0"
"P00000XL000G","세상에 없는 핵이득 족발 물쫄면 900g (2인분)","세상에 없는 핵이득 족발 물쫄면 900g (2인분)","4890","50"
"P00000XF000A","","[특가] 언제먹어도 꿀맛인 바로먹는 꽁치캔 x 5","11","0"
"P00000XE000A","","[단독특가] 푸드얌 양념막창 180g 에어프라이어용","-15","30"
"P00000XD000A","","[간편반찬] 언제먹어도 꿀맛인 바로먹는 꽁치 140g","0","27"
"P00000XC000A","","팬에 볶아먹는 로제무뼈닭발 180g","8","19"
"P00000XB000A","","[단독특가] 푸드얌 훈제막창 160g 에어프라이어용","3","22"
"P00000WZ000B","고기포자만두 180g","[골라담기] 전자레인지용 사조오양 포자 만두 6종","377","22"
"P00000WZ000C","김치포자만두 180g","[골라담기] 전자레인지용 사조오양 포자 만두 6종","323","23"
"P00000WZ000D","브로콜리포자만두 180g","[골라담기] 전자레인지용 사조오양 포자 만두 6종","153","9"
"P00000WZ000E","육즙가득고기만두 180g","[골라담기] 전자레인지용 사조오양 포자 만두 6종","332","23"
"P00000WZ000F","한입밥만두 김치볶음맛 180g","[골라담기] 전자레인지용 사조오양 포자 만두 6종","296","11"
"P00000WZ000G","갈비만두 180g","[골라담기] 전자레인지용 사조오양 포자 만두 6종","219","17"
"P00000VL000A","","[갓성비굳] 앗! 즉석밥 보다 싸다 끼니엔 잠발라야 볶음밥 210g","1","0"
"P00000VJ000A","","[팜엔탑] 위 건강엔 헬리코박터 컨트롤 30정 (1개월분)","2","1"
"P00000VI000A","","[팜엔탑] 장에 좋은 프리바이오틱스 5g × 30포 (1개월분)","0","0"
"P00000VC000E","국내산 밥도둑 떡갈비 3팩 (12장)","[초특가]국내산 밥도둑 떡갈비 3팩 (12장)","0","0"
"P00000VC000F","맛깔소스 90g","[초특가]국내산 밥도둑 떡갈비 3팩 (12장)","77","0"
"P00000VB000A","","[갓성비굳] 식다락 마라쌀국수 2인분","0","0"
"P00000UZ000A","","[멸망전 1위] 녹진한 크리스피 모짜&크림치즈볼","0","0"
"P00000UY000B","요즘 난리난 압구정 볼카츠","[역대최저가!] 요즘 난리난 압구정 볼카츠","0","0"
"P00000UY000C","맛깔소스 90g","[역대최저가!] 요즘 난리난 압구정 볼카츠","0","0"
"P00000UX000A","","[간편조리] 제대로된 오뎅탕 KIT (2인분)","34","6"
"P00000UW000A","","[간편조리] 뼈속까지 시원한 싱싱 바지락탕 KIT (2인분)","0","0"
"P00000UV000A","","[참PICK] 블라인드테스트 1위 냉메밀소바 (2인분)","0","0"
"P00000UU000A","","[참PICK] 넘사벽의 맛 새콤 비빔메밀소바 (2인분)","4","0"
"P00000UT000A","","[참PICK]고소함 끝판왕 통들깨 들기름소바 (2인분)","2","0"
"P00000UR000B","김소봉 쉐프의 순살치킨 250g x 5","바삭한 순살치킨 250g X 5봉 에어프라이어용","1","0"
"P00000UQ000B","후라이드 치킨 330g x 5","바삭한 후라이드 치킨 330g x 5봉 에어프라이어용","0","0"
"P00000SQ000D","전문점 갈 필요없이 맛있는! 핵이득 화끈 쭈꾸미 매운맛 500g","전문점 갈 필요없는! 양념 쭈꾸미 볶음 핵이득 화끈쭈꾸미 500g [매운맛/보통맛]","2057","50"
"P00000SQ000E","오뚜기 밥 200g *3개입","전문점 갈 필요없는! 양념 쭈꾸미 볶음 핵이득 화끈쭈꾸미 500g [매운맛/보통맛]","8","10"
"P00000SQ000F","어디에든 어울리는 사누끼 우동 230G","전문점 갈 필요없는! 양념 쭈꾸미 볶음 핵이득 화끈쭈꾸미 500g [매운맛/보통맛]","207","20"
"P00000SQ000H","전문점 갈 필요없이 맛있는! 핵이득 화끈 쭈꾸미 보통맛 500g","전문점 갈 필요없는! 양념 쭈꾸미 볶음 핵이득 화끈쭈꾸미 500g [매운맛/보통맛]","1065","50"
"P00000SQ000I","토속피순대 500g","전문점 갈 필요없는! 양념 쭈꾸미 볶음 핵이득 화끈쭈꾸미 500g [매운맛/보통맛]","155","0"
"P00000SP000A","","[갓성비굳] 앗! 즉석밥 보다 싸다 끼니엔 낙지볶음밥 210g","4","0"
"P00000SK000E","소머리수육 1kg 1EA + 100% 한우사골곰탕 500g 1EA","[숨은맛집] 몸보신으로 제격인 한우소머리수육 2종 (소스별도구매)","0","0"
"P00000SK000F","소머리수육 500g 1EA + 100% 한우사골곰탕 500g 1EA","[숨은맛집] 몸보신으로 제격인 한우소머리수육 2종 (소스별도구매)","0","0"
"P00000SK000G","100% 한우사골곰탕 500g","[숨은맛집] 몸보신으로 제격인 한우소머리수육 2종 (소스별도구매)","0","0"
"P00000SK000H","참소스 20g","[숨은맛집] 몸보신으로 제격인 한우소머리수육 2종 (소스별도구매)","0","0"
"P00000SJ000A","마라탕 순한맛_1ea","[인기상품] 중독성MAX 마라탕 1135g X 1팩 순한맛/매운맛","0","0"
"P00000SJ000B","마라탕 진한맛_1ea","[인기상품] 중독성MAX 마라탕 1135g X 1팩 순한맛/매운맛","0","0"
"P00000SI000A","얇은빵 멘보샤(6개입) - 소스 미포함","[인기상품] 갓바속촉 프로즌 멘보샤 6개입","0","0"
"P00000SI000C","스위트칠리 소스 30g","[인기상품] 갓바속촉 프로즌 멘보샤 6개입","0","0"
"P00000SF000A","","[유통기한임박] 한우양곰탕 700g","-14","0"
"P00000RY000A","","[간편조리] 크리스피 통통치킨너겟 1KG","0","0"
"P00000RT000I","순한맛(350g)","핵이득 참숯 양념치킨 순한맛/매운맛 2종","32","34"
"P00000RT000J","매운맛(350g)","핵이득 참숯 양념치킨 순한맛/매운맛 2종","18","35"
"P00000RT000K","오뚜기 밥 200g *3개입","핵이득 참숯 양념치킨 순한맛/매운맛 2종","7","3"
"P00000RT000L","어디에든 어울리는 사누끼 우동 230G","핵이득 참숯 양념치킨 순한맛/매운맛 2종","214","20"
"P00000RT000M","순한맛(500g)","핵이득 참숯 양념치킨 순한맛/매운맛 2종","317","50"
"P00000RT000N","매운맛(500g)","핵이득 참숯 양념치킨 순한맛/매운맛 2종","253","50"
"P00000RR000A","","[간편안주] 불닭 먹태 60g","1","0"
"P00000RQ000A","","[간편안주] 콩물먹태 40g+와사비마요 소스 15g 포함","734","40"
"P00000RP000B","햄야채볶음밥","[갓성비굳] 앗! 즉석밥 보다 싸다 끼니엔 볶음밥 210g","21","0"
"P00000RP000F","전주식비빔밥","[갓성비굳] 앗! 즉석밥 보다 싸다 끼니엔 볶음밥 210g","0","0"
"P00000RP000H","고추잡채볶음밥","[갓성비굳] 앗! 즉석밥 보다 싸다 끼니엔 볶음밥 210g","0","0"
"P00000RP000J","곤드레보리밥","[갓성비굳] 앗! 즉석밥 보다 싸다 끼니엔 볶음밥 210g","25","40"
"P00000RP000L","잠발라야볶음밥","[갓성비굳] 앗! 즉석밥 보다 싸다 끼니엔 볶음밥 210g","7","0"
"P00000PW000A","","[유통기한임박] 흑임자 탕수육 200g","0","15"
"P00000PV000A","","[유통기한임박] 치떡치떡 강정 200g","58","0"
"P00000PS000A","","[간편조리] 1kg 대용량 닭똥집튀김","255","10"
"P00000PQ000B","소머리국밥 600g","[MD추천]우리집 건강 보양식 소머리국밥_ 600g","609","27"
"P00000PQ000C","다진마늘 15g + 다진청양 15g","[MD추천]우리집 건강 보양식 소머리국밥_ 600g","0","5"
"P00000PP000A","","[간편조리] 겉바속촉 에어프라이기 10분 조리 버팔로봉 1KG","635","10"
"P00000PO000A","","[간편조리] 겉바속촉 에어프라이기 간편하게!  버팔로윙 1KG","566","10"
"P00000PN000A","","[간편조리] 겉바속촉 에어프라이기 간편하게!  크리스피 순살치킨 1KG","0","0"
"P00000PM000B","장터 얼큰 소고기국밥 650g","[MD추천] 얼큰한 국물에 우거지가 들어간 소고기국밥 650g","4","0"
"P00000PK000A","쭈꾸미볶음 1팩(500g)","[갓성비굳] 넉넉한 양  , 매콤한 쭈꾸미볶음 500g","0","0"
"P00000PJ000L","뼈해장국 900g","[갓성비굳] 깊고 진한 국물에 푸짐한 뼈해장국 900g","1901","37"
"P00000PJ000M","다진마늘 15g + 다진청양 15g","[갓성비굳] 깊고 진한 국물에 푸짐한 뼈해장국 900g","0","0"
"P00000PI000D","내장탕 630g","[갓성비굳] 멈출 수 없는 푸짐한 내장탕 630g 이상","1575","50"
"P00000PI000E","오뚜기 밥 200g *3개입","[갓성비굳] 멈출 수 없는 푸짐한 내장탕 630g 이상","8","5"
"P00000PI000F","다진마늘 15g + 다진청양 15g","[갓성비굳] 멈출 수 없는 푸짐한 내장탕 630g 이상","0","5"
"P00000PG000A","","[단독특가] 푸드얌 양념막창 180g 에어프라이어용","1050","30"
"P00000OV000A","","[유통기한임박] 한우시래기 해장국 700g","4","0"
